id,name,gender,DOB,MaritalStatus,CreditCardType
1,Damaris,Female,18/02/1973,false,visa-electron
2,Barbe,Female,10/04/1969,true,americanexpress
3,Belia,Female,16/04/1960,false,maestro
4,Leoline,Female,19/01/1995,true,bankcard
5,Valentine,Female,16/04/1992,false,
6,Rosanne,Female,05/01/1985,true,bankcard
7,Shalna,Female,01/11/1956,false,jcb
8,Mordy,Male,27/03/1990,true,china-unionpay
9,Tristan,Male,05/10/1998,true,
10,Alphonso,Male,10/08/1992,false,mastercard
11,Hirsch,Male,13/02/1973,false,
12,Kirstyn,Female,28/06/1989,false,bankcard
13,Benson,Male,19/10/1959,true,switch
14,Florry,Female,11/11/1993,true,diners-club-international
15,Jenine,Female,16/02/1957,false,diners-club-enroute
16,Hortense,Female,17/12/1993,false,jcb
17,Zulema,Female,27/09/1990,false,jcb
18,Leoline,Female,02/02/1990,false,visa-electron
19,Bayard,Male,11/01/1997,false,jcb
20,Joanne,Female,01/02/1996,false,maestro
21,Marlee,Female,28/11/1994,false,
22,Mitchell,Male,09/03/1993,false,maestro
23,Jefferey,Male,19/09/1999,false,jcb
24,Jolee,Female,14/04/1951,false,jcb
25,Selma,Female,14/08/1958,false,mastercard
26,Pavlov,Male,24/12/1971,true,jcb
27,Willi,Male,29/09/1999,false,diners-club-enroute
28,Vi,Female,25/09/1988,false,laser
29,Teodoro,Male,02/03/1969,false,jcb
30,Loralyn,Female,27/11/1953,false,
31,Carlen,Female,01/08/1964,true,jcb
32,Walden,Male,27/10/1968,false,jcb
33,Phillie,Female,07/09/1976,false,diners-club-enroute
34,Dicky,Male,15/06/1956,true,
35,Antonietta,Female,01/05/1986,false,americanexpress
36,Natasha,Female,15/01/1952,true,diners-club-enroute
37,Tadeas,Male,12/10/1973,false,jcb
38,Vyky,Female,03/08/1986,false,maestro
39,Estevan,Male,22/08/1966,false,jcb
40,Andrey,Male,18/11/1952,false,diners-club-enroute
41,Leonidas,Male,28/01/1972,true,maestro
42,Blinnie,Female,22/08/1957,false,
43,Randolf,Male,23/04/1951,false,bankcard
44,Maurene,Female,04/08/1975,true,jcb
45,Sky,Male,08/06/1991,true,laser
46,Kaspar,Male,06/12/1981,false,
47,Noll,Male,26/01/1957,true,mastercard
48,Haley,Male,10/11/1980,true,diners-club-carte-blanche
49,Orran,Male,15/07/1977,true,jcb
50,Jonas,Male,07/01/1976,true,diners-club-carte-blanche
51,Flori,Female,12/01/1978,false,china-unionpay
52,Casey,Male,21/03/1988,false,jcb
53,Candie,Female,12/06/1963,false,maestro
54,Marve,Male,26/07/1998,false,
55,Corette,Female,27/08/1972,true,jcb
56,Christy,Female,14/07/1995,true,china-unionpay
57,Ronnica,Female,31/05/1986,false,diners-club-enroute
58,Augy,Male,25/11/1966,true,jcb
59,Cori,Male,27/03/1969,true,mastercard
60,Boigie,Male,30/06/1989,true,jcb
61,Isac,Male,23/06/1957,true,bankcard
62,Sigismond,Male,17/06/1951,true,
63,Steffie,Female,28/10/1998,false,jcb
64,Mario,Male,22/06/1989,false,jcb
65,Halli,Female,16/06/1959,true,diners-club-enroute
66,Nada,Female,23/08/2000,true,jcb
67,Jeanne,Female,16/11/1987,true,laser
68,Jess,Female,26/07/1962,true,mastercard
69,Lyda,Female,17/03/1970,false,
70,Jobyna,Female,15/09/1967,true,diners-club-enroute
71,Jaclyn,Female,29/04/1999,true,switch
72,Sibel,Female,16/08/1981,false,jcb
73,Dodi,Female,02/10/1995,true,americanexpress
74,Eydie,Female,23/06/1979,false,jcb
75,Gauthier,Male,11/02/1967,true,
76,Mala,Female,21/11/1995,true,visa-electron
77,Lorelei,Female,18/12/2000,false,americanexpress
78,Marillin,Female,18/12/1973,true,
79,Christabella,Female,22/04/1998,true,mastercard
80,Julietta,Female,15/11/1984,false,switch
81,Hieronymus,Male,11/09/1961,true,jcb
82,Brandea,Female,02/06/1967,true,americanexpress
83,Norma,Female,20/01/1984,true,switch
84,Jarred,Male,10/03/1952,false,americanexpress
85,Rustin,Male,02/07/1959,true,jcb
86,Kris,Male,17/08/1974,true,jcb
87,Cristie,Female,19/04/1953,true,diners-club-carte-blanche
88,Maxine,Female,17/03/1979,true,mastercard
89,Karlis,Male,08/04/1975,false,jcb
90,Othella,Female,26/03/1993,false,mastercard
91,Orsola,Female,11/10/1991,true,diners-club-enroute
92,Maximilianus,Male,01/05/1992,false,jcb
93,Denny,Male,15/01/1991,false,jcb
94,Judas,Male,28/06/2000,false,americanexpress
95,Nicholle,Female,04/07/1970,true,china-unionpay
96,Jewelle,Female,05/03/1982,false,jcb
97,Sanford,Male,25/01/1987,false,diners-club-us-ca
98,Ailey,Female,20/12/1977,true,visa-electron
99,Margy,Female,09/09/1951,false,jcb
100,Nero,Male,11/07/1984,true,bankcard
101,Finlay,Male,01/04/1983,false,mastercard
102,Esme,Female,09/05/1953,true,bankcard
103,Ber,Male,01/04/1997,true,china-unionpay
104,Merill,Male,20/10/1994,false,china-unionpay
105,Darell,Female,14/06/1986,false,mastercard
106,Lela,Female,24/12/1959,true,mastercard
107,Felicle,Female,17/11/1956,false,mastercard
108,Kattie,Female,25/10/1964,false,jcb
109,Mayer,Male,09/09/1990,false,jcb
110,Hamlen,Male,13/12/1992,false,visa-electron
111,Erasmus,Male,26/12/1964,false,jcb
112,Wadsworth,Male,26/09/1996,false,visa-electron
113,Aleece,Female,01/05/1961,true,americanexpress
114,Velma,Female,08/03/1990,false,jcb
115,Elmira,Female,01/06/1952,true,bankcard
116,Bernardo,Male,09/06/1958,true,visa
117,Nevins,Male,21/05/1969,false,
118,Brose,Male,05/09/1987,false,diners-club-enroute
119,Rozalie,Female,24/12/1990,false,mastercard
120,Opalina,Female,27/03/1954,true,jcb
121,Ange,Female,28/10/1980,true,jcb
122,Glyn,Male,26/02/1970,true,americanexpress
123,Farrel,Male,22/06/1978,true,
124,Berkeley,Male,11/12/1964,false,maestro
125,Stanleigh,Male,02/02/1958,false,maestro
126,Verge,Male,06/07/1958,false,americanexpress
127,Claudine,Female,24/04/1987,true,jcb
128,Hendrik,Male,16/09/1990,false,mastercard
129,Salomi,Female,23/08/1951,true,laser
130,Tucky,Male,27/08/1969,true,mastercard
131,Janka,Female,02/02/1991,false,maestro
132,Toni,Female,12/12/1969,true,jcb
133,Pepito,Male,09/11/1961,true,jcb
134,Faythe,Female,27/04/1992,true,maestro
135,Kevyn,Female,21/05/1969,true,americanexpress
136,Harald,Male,26/09/1952,false,maestro
137,Cacilie,Female,25/12/1973,true,jcb
138,Woodman,Male,11/10/1977,false,americanexpress
139,Devina,Female,24/07/1966,true,jcb
140,Culley,Male,10/12/1965,false,diners-club-enroute
141,Marena,Female,02/07/1950,true,mastercard
142,Ingeborg,Female,14/12/1954,false,maestro
143,Cori,Male,06/05/1956,true,solo
144,Vanya,Male,22/02/1984,true,jcb
145,Oliver,Male,25/10/1956,false,diners-club-enroute
146,Cal,Female,14/05/1999,true,diners-club-enroute
147,Carter,Male,22/09/1965,false,americanexpress
148,Fraze,Male,05/05/1986,true,mastercard
149,Simon,Male,19/02/1980,true,mastercard
150,Glenn,Female,31/12/1995,true,china-unionpay
151,Felizio,Male,07/04/1952,true,jcb
152,Gery,Male,30/10/1955,true,mastercard
153,Mercie,Female,11/05/1964,false,
154,Ferdie,Male,12/06/2000,true,diners-club-enroute
155,Joannes,Female,10/06/1990,true,china-unionpay
156,Hanni,Female,01/01/1953,false,jcb
157,Eddie,Male,28/05/1966,false,bankcard
158,Enriqueta,Female,11/03/1951,false,china-unionpay
159,Rodge,Male,06/03/1955,true,jcb
160,Sutton,Male,13/02/1968,false,mastercard
161,Leta,Female,26/05/1981,true,jcb
162,Laney,Female,26/06/1969,true,diners-club-carte-blanche
163,Forester,Male,03/02/1997,true,switch
164,Lane,Male,11/05/1969,true,jcb
165,Eddi,Female,19/12/1990,true,visa
166,Gus,Female,10/10/1971,false,jcb
167,Jemmie,Female,27/04/1961,false,
168,Kimbell,Male,21/05/1988,false,
169,Rosene,Female,13/12/1977,true,jcb
170,Dolorita,Female,27/04/1971,false,mastercard
171,Gwenneth,Female,27/03/1994,false,diners-club-carte-blanche
172,Nolan,Male,29/03/1973,false,visa-electron
173,Nevin,Male,26/05/1982,true,jcb
174,Terencio,Male,13/04/1987,true,jcb
175,Glad,Female,13/04/1975,true,diners-club-carte-blanche
176,Stacee,Male,01/01/1980,false,china-unionpay
177,Virgilio,Male,26/05/1960,true,diners-club-carte-blanche
178,Antonio,Male,12/02/1984,true,mastercard
179,Othella,Female,19/10/1956,false,jcb
180,Cristionna,Female,23/05/1982,true,switch
181,Jaye,Male,31/03/1958,false,jcb
182,Rea,Female,22/03/1975,false,jcb
183,Daveta,Female,22/12/1981,true,mastercard
184,Pavla,Female,19/02/1969,false,maestro
185,Benjie,Male,06/04/1970,true,jcb
186,Chic,Male,14/12/1983,false,americanexpress
187,Iver,Male,25/07/1985,true,jcb
188,Jackson,Male,27/03/1972,true,jcb
189,Ealasaid,Female,17/05/1966,false,jcb
190,Annmaria,Female,20/12/1982,true,
191,Gunar,Male,04/03/1976,true,bankcard
192,Iormina,Female,22/03/1975,true,maestro
193,Jessee,Male,17/08/1970,false,diners-club-us-ca
194,Elmore,Male,16/06/1989,false,jcb
195,Cissy,Female,19/09/1998,false,americanexpress
196,Dannie,Male,02/08/2000,false,jcb
197,Rinaldo,Male,30/06/1988,false,jcb
198,Byrann,Male,11/12/1995,false,china-unionpay
199,Rayner,Male,21/02/1953,true,visa-electron
200,Ashlin,Male,26/08/1983,false,jcb
201,Michail,Male,13/05/1980,true,solo
202,Indira,Female,22/09/1962,true,americanexpress
203,Maxwell,Male,03/06/1962,true,visa-electron
204,Dulcy,Female,16/01/1974,false,
205,Rubi,Female,29/06/1983,false,jcb
206,Ximenes,Male,07/07/1962,true,jcb
207,Nance,Female,08/01/1967,true,jcb
208,Tabbie,Female,05/04/1983,true,jcb
209,Yankee,Male,17/01/1993,false,mastercard
210,Fredericka,Female,17/03/1953,false,jcb
211,Noella,Female,05/04/1982,false,jcb
212,Findlay,Male,04/02/1982,true,diners-club-us-ca
213,Lisette,Female,21/03/1995,true,visa
214,Armand,Male,01/05/1954,true,maestro
215,Kare,Female,26/02/1990,false,mastercard
216,Elsbeth,Female,21/04/1980,true,
217,Gianina,Female,02/09/1961,true,jcb
218,Constantin,Male,09/04/1983,true,maestro
219,Keir,Male,31/10/1991,true,mastercard
220,Bettye,Female,20/01/1995,false,switch
221,Harold,Male,27/08/1990,false,diners-club-carte-blanche
222,Geraldine,Female,26/04/1978,false,instapayment
223,Kala,Female,28/07/1971,false,bankcard
224,Lock,Male,09/03/1992,false,jcb
225,Sibelle,Female,02/08/1950,true,
226,Morley,Male,22/11/1971,true,
227,Jimmy,Male,12/04/1977,false,jcb
228,Perkin,Male,21/01/1968,true,maestro
229,Corabel,Female,21/01/1980,true,maestro
230,Heriberto,Male,09/12/1957,true,
231,Maje,Male,16/09/1977,true,jcb
232,Gherardo,Male,23/01/1990,true,jcb
233,Clive,Male,08/11/1979,false,
234,Linet,Female,20/09/1990,true,china-unionpay
235,Alair,Male,29/06/1958,true,jcb
236,Ced,Male,04/11/1953,false,jcb
237,Mindy,Female,09/09/1963,true,jcb
238,Obie,Male,04/02/1982,true,switch
239,Tommie,Female,30/06/1969,true,jcb
240,Maybelle,Female,13/01/1975,false,
241,Maxine,Female,01/08/1995,false,diners-club-carte-blanche
242,Glori,Female,15/03/1963,false,maestro
243,Amerigo,Male,15/02/1984,false,jcb
244,Timmy,Male,01/12/1984,false,jcb
245,Anya,Female,28/10/1972,false,jcb
246,Amandie,Female,11/12/1953,false,jcb
247,Jan,Female,27/05/1959,false,diners-club-us-ca
248,Debby,Female,11/07/1966,false,instapayment
249,Roanne,Female,29/05/1989,true,jcb
250,Daveen,Female,07/06/1959,false,americanexpress
251,Baudoin,Male,21/02/1962,false,maestro
252,Irena,Female,05/01/1966,true,jcb
253,Kimberlyn,Female,26/09/1998,false,
254,Milka,Female,08/10/1963,false,jcb
255,Leonhard,Male,27/08/1958,false,switch
256,Merla,Female,19/09/1991,false,jcb
257,Cornall,Male,01/03/1983,false,mastercard
258,Jackie,Female,03/12/1954,true,americanexpress
259,Trisha,Female,21/08/1991,true,china-unionpay
260,Myra,Female,25/04/1988,false,mastercard
261,Milka,Female,28/01/1958,true,visa
262,Mariann,Female,08/10/1953,false,americanexpress
263,Petronia,Female,30/09/1989,true,jcb
264,Carlee,Female,20/04/1963,false,jcb
265,Domingo,Male,06/07/1983,false,americanexpress
266,Leonelle,Female,25/06/1989,false,maestro
267,Rock,Male,19/08/1970,false,maestro
268,Aili,Female,28/09/1959,false,switch
269,Hodge,Male,31/12/1960,true,jcb
270,Adoree,Female,06/11/1960,false,jcb
271,Karlotte,Female,19/02/1997,true,jcb
272,Celie,Female,23/10/1950,true,jcb
273,Walliw,Female,21/07/1996,true,jcb
274,Tucky,Male,14/02/1966,true,jcb
275,Erroll,Male,09/11/1951,false,jcb
276,Sabra,Female,29/01/1974,false,jcb
277,Vinnie,Male,06/08/1978,false,switch
278,Janaya,Female,07/03/1968,false,diners-club-enroute
279,Avie,Female,12/06/1992,true,switch
280,Brigida,Female,23/12/1976,true,jcb
281,Coraline,Female,17/05/1959,false,
282,Mahala,Female,21/05/1965,false,mastercard
283,Layton,Male,03/12/1995,true,visa-electron
284,Ruperta,Female,22/02/1985,false,jcb
285,Tobit,Male,20/08/1974,false,jcb
286,Dallas,Female,02/10/1985,true,maestro
287,Tasia,Female,08/04/1976,false,jcb
288,Quint,Male,06/07/1981,false,solo
289,Nadiya,Female,23/12/1954,false,jcb
290,Brocky,Male,13/12/1997,false,jcb
291,Cyrillus,Male,13/09/1996,true,
292,Clywd,Male,09/08/1961,true,china-unionpay
293,Mel,Female,03/02/1987,false,jcb
294,Vincents,Male,16/12/1982,false,
295,Conway,Male,17/06/1954,false,jcb
296,Mureil,Female,04/09/1996,false,
297,Imogene,Female,26/05/1970,false,switch
298,Baird,Male,16/09/1960,false,mastercard
299,Kort,Male,25/12/1972,true,jcb
300,Wilow,Female,16/12/1985,false,jcb
301,Randy,Female,06/07/1993,false,jcb
302,Laurent,Male,23/12/1967,true,mastercard
303,Cathlene,Female,31/08/1988,true,mastercard
304,Lilia,Female,01/12/1995,true,visa-electron
305,Beau,Male,17/06/1966,true,jcb
306,Wheeler,Male,08/05/1960,true,diners-club-enroute
307,Claresta,Female,02/07/1989,true,china-unionpay
308,Gonzales,Male,07/11/1981,true,jcb
309,Tobi,Female,08/05/1988,true,jcb
310,Billi,Female,14/12/1955,false,diners-club-carte-blanche
311,Normy,Male,12/08/2000,false,visa-electron
312,Dolores,Female,22/10/1986,true,americanexpress
313,Malachi,Male,10/02/1967,false,mastercard
314,Giraud,Male,08/07/1994,false,
315,Cyrille,Male,30/08/1993,false,maestro
316,Sissie,Female,08/10/1950,true,jcb
317,Shaylynn,Female,04/12/1986,true,jcb
318,Jobey,Female,06/12/1980,true,instapayment
319,Guillemette,Female,07/10/1994,true,
320,Benedick,Male,07/11/1987,true,switch
321,Eugenie,Female,23/08/1977,false,jcb
322,Kimberli,Female,22/10/1994,true,
323,Elisha,Female,12/11/1974,true,maestro
324,Blinny,Female,27/09/1966,true,maestro
325,Mickey,Male,15/01/1993,false,mastercard
326,Tish,Female,28/05/1980,true,jcb
327,Ryley,Male,09/01/1997,true,jcb
328,Faber,Male,21/08/1966,false,jcb
329,Nalani,Female,31/05/1976,true,maestro
330,Maitilde,Female,01/02/1965,true,visa
331,Jessi,Female,01/11/1981,true,jcb
332,Leelah,Female,07/01/1970,false,switch
333,Lona,Female,12/11/1966,true,jcb
334,Ban,Male,03/07/1972,true,visa-electron
335,Jerad,Male,13/06/1981,false,jcb
336,Rolph,Male,15/11/1972,false,jcb
337,Any,Male,16/02/1981,true,americanexpress
338,Herminia,Female,23/04/1954,true,jcb
339,Doralynn,Female,25/10/1963,true,jcb
340,Kirstyn,Female,14/05/1998,false,
341,Ernestine,Female,15/08/1967,true,jcb
342,Hermie,Male,02/09/1961,true,laser
343,Marci,Female,15/11/1961,true,americanexpress
344,Andrey,Male,26/07/1967,true,jcb
345,Felecia,Female,15/11/1973,true,china-unionpay
346,Henri,Male,04/03/1988,false,jcb
347,Mart,Male,17/04/1951,true,mastercard
348,Jacklyn,Female,05/12/1984,true,jcb
349,Job,Male,17/09/1982,true,jcb
350,Kendricks,Male,04/08/1982,false,visa-electron
351,Kean,Male,08/11/1963,true,jcb
352,Caralie,Female,29/06/1961,false,bankcard
353,Allyn,Male,21/08/1966,false,laser
354,Ban,Male,17/10/1979,false,diners-club-carte-blanche
355,Booth,Male,02/03/1983,true,
356,Oona,Female,25/06/1992,false,
357,Orion,Male,06/03/1961,true,china-unionpay
358,Maureene,Female,12/10/1999,false,jcb
359,Shandie,Female,12/08/1961,true,americanexpress
360,Enrico,Male,12/09/1961,true,jcb
361,Janet,Female,18/08/1972,false,jcb
362,Casie,Female,22/05/1967,false,
363,Herschel,Male,25/08/1980,false,bankcard
364,Vivi,Female,12/08/1992,true,diners-club-carte-blanche
365,Tanney,Male,07/11/1989,true,
366,Magda,Female,31/07/1970,false,diners-club-enroute
367,Thorin,Male,19/02/1959,true,visa-electron
368,Neill,Male,04/04/1959,false,jcb
369,Carola,Female,31/05/1954,false,mastercard
370,Gage,Male,21/08/1980,false,maestro
371,Pearce,Male,12/04/1991,true,bankcard
372,Paxon,Male,18/02/1986,true,laser
373,Erin,Female,11/01/1980,true,jcb
374,Julienne,Female,13/04/1961,false,
375,Kesley,Female,02/11/1985,false,mastercard
376,Emile,Male,11/03/1972,false,jcb
377,Tommi,Female,31/05/1988,false,diners-club-enroute
378,Christophe,Male,21/11/2000,true,jcb
379,Cordi,Female,20/04/1964,false,laser
380,Cleavland,Male,12/10/1975,true,jcb
381,Basilio,Male,21/06/1960,true,laser
382,Bert,Male,02/02/1979,false,instapayment
383,Elroy,Male,21/03/1965,false,jcb
384,Guido,Male,30/03/1978,false,jcb
385,Bjorn,Male,20/09/1965,false,
386,Bennett,Male,10/08/1986,false,diners-club-carte-blanche
387,Willem,Male,26/02/1988,true,jcb
388,Elwin,Male,16/09/1991,true,jcb
389,Leena,Female,04/11/1991,true,mastercard
390,Harlen,Male,05/09/1955,true,americanexpress
391,Dora,Female,08/04/1977,true,diners-club-enroute
392,Lek,Male,29/05/1992,false,jcb
393,Prisca,Female,12/03/1969,true,jcb
394,Burk,Male,19/08/1954,false,visa-electron
395,Del,Male,08/04/1998,true,jcb
396,Early,Male,18/02/1996,false,jcb
397,Wat,Male,21/08/1987,false,laser
398,Danica,Female,14/12/1984,false,maestro
399,Maryl,Female,30/03/1987,false,diners-club-carte-blanche
400,Riccardo,Male,20/12/1963,true,bankcard
401,Joe,Male,11/01/1983,false,jcb
402,Arline,Female,20/02/1959,false,diners-club-international
403,Franciska,Female,01/12/1977,true,americanexpress
404,Fergus,Male,23/02/1999,false,china-unionpay
405,Durand,Male,03/10/1976,true,jcb
406,Anthe,Female,04/07/1991,true,jcb
407,Logan,Male,20/01/1997,true,laser
408,Sholom,Male,02/05/1971,true,
409,Craig,Male,16/10/1993,false,maestro
410,Guntar,Male,11/05/1999,false,maestro
411,Ellette,Female,19/01/1950,true,jcb
412,Teirtza,Female,26/03/1959,false,jcb
413,Urbano,Male,04/10/1983,true,jcb
414,Christopher,Male,20/03/1956,false,americanexpress
415,Mirilla,Female,12/12/1967,true,mastercard
416,Jodie,Female,04/06/1990,true,bankcard
417,Inglebert,Male,17/04/1959,false,
418,Elly,Female,09/01/1999,true,bankcard
419,Nerta,Female,02/02/1956,false,mastercard
420,Sherye,Female,29/05/1964,true,
421,Janeta,Female,15/11/1983,false,bankcard
422,Letta,Female,03/01/1950,true,jcb
423,Nikki,Male,08/10/1958,false,jcb
424,Melloney,Female,12/08/1991,true,jcb
425,Nikki,Female,25/12/1988,false,jcb
426,Clayborne,Male,16/11/1987,true,jcb
427,Geraldine,Female,04/11/1966,true,solo
428,Bobbe,Female,14/05/1987,true,jcb
429,Moyra,Female,11/03/1973,false,diners-club-us-ca
430,Dorette,Female,02/11/1968,true,
431,Whitby,Male,01/06/1963,false,jcb
432,Johnathon,Male,06/02/1982,true,
433,Niel,Male,01/03/1978,true,visa
434,Saul,Male,24/05/1981,true,maestro
435,Sylvia,Female,14/04/1970,false,jcb
436,Cris,Female,06/01/1952,true,americanexpress
437,Sibilla,Female,10/07/2000,true,mastercard
438,Gretta,Female,18/08/1978,false,diners-club-enroute
439,Sky,Male,09/11/1953,false,jcb
440,Darlleen,Female,05/11/1958,true,
441,Bald,Male,21/05/1952,false,maestro
442,Hartley,Male,13/02/1995,true,jcb
443,Steward,Male,25/10/1988,true,jcb
444,Stephannie,Female,11/09/1997,true,switch
445,Radcliffe,Male,08/04/1973,true,jcb
446,Garald,Male,24/11/1961,true,jcb
447,Lucky,Female,01/06/1963,true,jcb
448,Nana,Female,12/06/1996,true,jcb
449,Thedrick,Male,19/11/1960,true,jcb
450,Lizzy,Female,04/08/1971,true,jcb
451,Keir,Male,04/06/1992,true,jcb
452,Rafa,Female,02/01/1969,false,jcb
453,Ronnica,Female,21/05/1957,false,
454,Alastair,Male,27/04/1988,true,switch
455,Guthrey,Male,22/09/1963,false,diners-club-carte-blanche
456,Ermentrude,Female,16/12/1986,false,bankcard
457,Gwyn,Female,19/12/1950,true,china-unionpay
458,Broddie,Male,03/08/1962,false,mastercard
459,Giulietta,Female,07/09/1991,true,china-unionpay
460,Luciano,Male,08/05/1966,false,switch
461,Olly,Female,26/12/1987,true,solo
462,Erin,Female,02/06/1994,false,visa-electron
463,Clair,Female,24/11/1973,true,switch
464,Hube,Male,12/09/1983,false,mastercard
465,Cart,Male,21/05/1964,false,jcb
466,Isiahi,Male,06/01/1958,true,visa-electron
467,Bearnard,Male,30/03/1987,true,
468,Samuel,Male,11/03/1956,true,mastercard
469,Maynard,Male,12/08/1957,true,bankcard
470,Ashlen,Female,26/02/1994,true,visa-electron
471,Kelsi,Female,27/05/1978,false,china-unionpay
472,Modesty,Female,01/04/1962,false,jcb
473,Sharai,Female,18/06/1969,true,switch
474,Laurent,Male,20/08/1993,false,jcb
475,Ole,Male,21/05/1964,true,americanexpress
476,Harley,Male,07/05/1986,true,bankcard
477,Barbabas,Male,29/01/1975,false,americanexpress
478,Carter,Male,15/08/1997,true,maestro
479,Bennie,Female,17/04/1996,true,diners-club-enroute
480,Barth,Male,16/06/1953,false,jcb
481,Jeannine,Female,27/07/1982,false,mastercard
482,Nickolaus,Male,21/11/1980,false,visa-electron
483,Cherye,Female,28/11/1953,false,jcb
484,Michaela,Female,12/12/1974,false,maestro
485,Abner,Male,17/10/1993,true,diners-club-us-ca
486,Shanie,Female,20/05/1989,false,bankcard
487,Elise,Female,21/01/1989,false,diners-club-carte-blanche
488,Mill,Male,29/03/1969,false,switch
489,Margaretha,Female,17/05/1978,true,
490,Michele,Female,08/10/1956,false,jcb
491,Diannne,Female,06/02/1959,true,solo
492,Rena,Female,05/06/1954,true,jcb
493,Catha,Female,04/07/1973,true,
494,Reinaldos,Male,20/10/1961,true,instapayment
495,Kurtis,Male,26/09/1961,false,visa
496,Reiko,Female,17/09/1972,true,mastercard
497,Brittni,Female,16/09/1995,true,jcb
498,Steven,Male,10/05/1992,true,jcb
499,Manny,Male,05/10/1974,true,diners-club-carte-blanche
500,Sherlocke,Male,01/06/1987,true,bankcard
501,Elisa,Female,23/11/1956,true,visa-electron
502,Myrtice,Female,05/02/1950,true,maestro
503,Gail,Female,12/11/1964,false,mastercard
504,Wilek,Male,26/09/1952,true,visa-electron
505,Salim,Male,10/05/1998,false,mastercard
506,Carry,Female,02/11/1986,false,diners-club-enroute
507,Sadie,Female,22/08/1988,false,mastercard
508,Gaylor,Male,11/06/1983,false,jcb
509,Akim,Male,09/10/1978,false,jcb
510,Gabrila,Female,24/03/1962,false,mastercard
511,Dorisa,Female,05/08/1961,true,bankcard
512,Nickolaus,Male,10/08/1972,true,jcb
513,Diandra,Female,01/10/1990,true,visa-electron
514,Farris,Male,13/02/1973,false,jcb
515,Marilyn,Female,15/08/1979,true,mastercard
516,Bud,Male,08/04/1960,false,jcb
517,Maribelle,Female,22/07/1959,false,mastercard
518,Karmen,Female,26/09/1961,true,jcb
519,Theadora,Female,25/07/1989,false,jcb
520,Christa,Female,05/11/1989,false,mastercard
521,Keven,Male,03/10/1990,false,
522,Aimil,Female,07/10/1974,false,
523,Bonny,Female,17/02/1989,false,mastercard
524,Liana,Female,11/10/1958,false,
525,Emilie,Female,26/10/1990,false,jcb
526,Hernando,Male,21/03/1976,false,jcb
527,Con,Female,13/07/1962,true,jcb
528,Estrella,Female,15/07/1977,true,
529,Redford,Male,28/12/1969,true,jcb
530,Halette,Female,12/03/1952,true,jcb
531,Lizbeth,Female,16/08/1988,false,
532,Elyse,Female,04/10/1955,true,diners-club-carte-blanche
533,Miller,Male,23/02/1961,true,jcb
534,Bree,Female,21/05/1969,true,maestro
535,Maurizia,Female,16/09/1972,false,bankcard
536,Odetta,Female,26/03/1993,false,jcb
537,Israel,Male,10/02/1982,false,bankcard
538,Georgina,Female,10/01/1969,false,jcb
539,Ronnica,Female,03/01/1980,false,visa-electron
540,Cordell,Male,24/11/1981,false,jcb
541,Adel,Female,26/08/1983,true,americanexpress
542,Earlie,Male,02/07/1995,false,mastercard
543,Rubin,Male,13/10/1989,false,mastercard
544,Alasteir,Male,29/05/1985,true,maestro
545,Barclay,Male,04/05/1951,false,diners-club-carte-blanche
546,Suzanna,Female,06/02/1965,false,jcb
547,Carola,Female,13/09/1964,true,laser
548,Weider,Male,19/03/1992,true,diners-club-carte-blanche
549,Reinwald,Male,22/05/1963,true,jcb
550,Mella,Female,16/05/1976,true,switch
551,Susi,Female,12/06/1968,false,diners-club-enroute
552,Tilly,Female,23/06/1989,false,mastercard
553,Lianne,Female,05/12/1995,true,jcb
554,Stacey,Female,14/03/1994,false,jcb
555,Susette,Female,08/09/1991,false,mastercard
556,Bobbie,Female,02/07/1966,false,solo
557,Leola,Female,02/12/1959,false,diners-club-carte-blanche
558,Brose,Male,12/01/1994,false,jcb
559,Kelly,Female,21/01/1998,true,bankcard
560,Charo,Female,17/01/1979,false,mastercard
561,Christoforo,Male,09/09/1997,false,jcb
562,Bianka,Female,12/04/1958,false,americanexpress
563,Rafaelia,Female,04/09/1958,false,jcb
564,Pearl,Female,20/07/1955,true,mastercard
565,Jefferson,Male,30/05/1954,false,americanexpress
566,Galven,Male,27/10/1967,true,switch
567,Lester,Male,18/05/1994,true,jcb
568,Elisabetta,Female,03/11/1955,false,china-unionpay
569,Chadwick,Male,27/12/1962,true,jcb
570,Sheffield,Male,01/10/1960,false,diners-club-carte-blanche
571,Terrence,Male,18/10/1968,true,
572,Keelby,Male,24/08/1955,true,visa
573,Merry,Male,27/07/1970,false,switch
574,Brannon,Male,12/05/1965,true,diners-club-enroute
575,Lind,Female,06/02/1987,false,china-unionpay
576,Dane,Male,27/03/1965,true,jcb
577,Crichton,Male,18/09/1996,true,diners-club-carte-blanche
578,Megen,Female,01/12/1965,false,solo
579,Ebeneser,Male,12/12/1957,false,americanexpress
580,Asher,Male,11/12/1989,false,diners-club-enroute
581,Lyndy,Female,13/03/1982,true,
582,Leia,Female,11/06/1985,false,jcb
583,Rollie,Male,23/12/1985,true,solo
584,Hermia,Female,03/10/1958,true,jcb
585,Kirstin,Female,24/04/1978,false,jcb
586,Lisetta,Female,16/10/1990,false,switch
587,Annecorinne,Female,28/11/1954,true,maestro
588,Rancell,Male,10/09/1968,false,jcb
589,Minnaminnie,Female,21/01/1980,true,
590,Trueman,Male,17/07/1987,true,mastercard
591,Bronny,Male,10/07/1960,false,china-unionpay
592,Veda,Female,18/06/1986,true,jcb
593,Tye,Male,06/03/1956,true,laser
594,Duffy,Male,30/05/1989,false,visa-electron
595,Lenee,Female,15/11/1980,false,jcb
596,Claybourne,Male,29/07/1994,true,americanexpress
597,Lucio,Male,02/07/1961,true,
598,Alecia,Female,13/04/1984,false,china-unionpay
599,Coleen,Female,07/07/1960,true,
600,Clevey,Male,18/05/1970,false,jcb
601,Frederic,Male,26/03/1967,false,china-unionpay
602,Jim,Male,14/09/1964,false,jcb
603,Simonette,Female,05/09/1993,true,maestro
604,Reginald,Male,14/11/1956,false,visa-electron
605,Lucien,Male,16/10/1959,true,jcb
606,Beale,Male,27/08/1991,false,diners-club-us-ca
607,Forest,Male,27/07/1958,true,bankcard
608,Cristiano,Male,05/05/1976,true,americanexpress
609,Dare,Male,20/05/1969,true,jcb
610,Dianemarie,Female,03/04/1959,true,diners-club-carte-blanche
611,Yettie,Female,15/09/1958,false,mastercard
612,Brinna,Female,09/03/1955,false,jcb
613,Aldus,Male,13/03/1955,true,mastercard
614,Bax,Male,25/07/1983,true,bankcard
615,Kellby,Male,01/05/1980,false,china-unionpay
616,Adriano,Male,11/12/1995,false,jcb
617,Lauree,Female,14/09/1980,true,jcb
618,Lazare,Male,13/03/1972,false,maestro
619,Timmie,Male,06/12/1956,true,mastercard
620,Shadow,Male,14/09/1994,true,
621,Neile,Female,09/07/1980,false,jcb
622,Keefer,Male,14/09/1974,false,diners-club-enroute
623,Johnath,Female,27/03/1950,false,
624,Tracie,Male,03/06/1992,true,jcb
625,Roseline,Female,10/05/1994,false,
626,Rosana,Female,08/08/1953,true,switch
627,Bernardo,Male,12/05/1953,false,diners-club-carte-blanche
628,Henka,Female,30/04/1978,false,visa
629,Mayne,Male,13/10/1976,true,
630,Ferris,Male,12/10/1958,true,china-unionpay
631,Tabbi,Female,01/05/1956,true,jcb
632,Woody,Male,17/12/1972,true,laser
633,Nari,Female,27/08/1973,true,visa-electron
634,Tiffani,Female,28/07/1965,true,bankcard
635,Carl,Male,24/11/1973,false,jcb
636,Shayne,Male,23/12/1954,false,jcb
637,Olivier,Male,22/01/1957,true,maestro
638,Paule,Female,16/06/1952,false,jcb
639,Tomi,Female,23/08/1997,false,jcb
640,Jennee,Female,29/09/1974,true,switch
641,Edouard,Male,30/07/1998,false,mastercard
642,Brook,Female,01/09/1969,true,diners-club-carte-blanche
643,Ramon,Male,24/09/1975,false,diners-club-international
644,Corry,Female,09/07/1987,true,jcb
645,Ichabod,Male,17/12/1992,false,jcb
646,Allen,Male,30/06/1981,true,jcb
647,Karoline,Female,19/05/1986,false,
648,Chrystal,Female,22/10/1991,false,jcb
649,Culley,Male,05/05/1973,true,jcb
650,Richardo,Male,31/05/1989,false,jcb
651,Hewie,Male,25/11/1987,false,mastercard
652,Yancy,Male,28/02/1968,true,americanexpress
653,Haskel,Male,28/11/1992,true,jcb
654,Antonino,Male,13/08/1975,true,switch
655,Tanhya,Female,10/03/1974,false,jcb
656,Hill,Male,13/04/1960,false,jcb
657,Angie,Female,09/12/1995,false,diners-club-enroute
658,Karlik,Male,30/10/1978,false,jcb
659,Cristina,Female,01/06/1985,true,diners-club-carte-blanche
660,Mamie,Female,13/07/1999,true,china-unionpay
661,Gay,Female,21/01/1971,true,mastercard
662,Cherise,Female,19/03/1964,true,jcb
663,Earvin,Male,03/03/1953,false,jcb
664,Beilul,Female,10/02/1950,false,laser
665,Sergent,Male,11/09/1952,false,jcb
666,Willis,Male,04/04/1998,true,
667,Aile,Female,14/12/2000,true,jcb
668,Marlane,Female,30/06/1974,false,diners-club-us-ca
669,Caroline,Female,17/06/1991,false,jcb
670,Morty,Male,01/12/1983,true,jcb
671,Victoria,Female,12/01/1992,true,americanexpress
672,Sofia,Female,17/06/1970,false,americanexpress
673,Phillipp,Male,09/02/1987,false,jcb
674,Heida,Female,24/02/1999,false,switch
675,Merline,Female,26/11/1999,true,visa-electron
676,Stevie,Male,18/08/1959,false,mastercard
677,Mindy,Female,11/12/1970,false,laser
678,Emelina,Female,16/02/1993,true,china-unionpay
679,Calypso,Female,04/06/1970,true,
680,Claretta,Female,28/08/1954,false,maestro
681,Dionisio,Male,23/10/1952,false,visa-electron
682,Darnell,Male,11/09/1977,true,jcb
683,Melissa,Female,29/04/1996,false,americanexpress
684,Wendall,Male,06/10/1998,true,jcb
685,Mireielle,Female,19/09/1957,true,diners-club-carte-blanche
686,Erma,Female,29/04/1968,false,
687,Jinny,Female,06/04/1959,true,
688,Terrijo,Female,10/02/2000,true,jcb
689,Lita,Female,27/11/1988,true,instapayment
690,Aldric,Male,14/12/1961,true,jcb
691,Lazaro,Male,07/10/1953,true,maestro
692,Mirilla,Female,31/01/1958,true,china-unionpay
693,Caleb,Male,30/05/1974,true,switch
694,Gary,Male,26/07/1982,true,visa
695,Horst,Male,14/07/1975,false,mastercard
696,Pace,Male,23/01/1996,false,switch
697,Hoyt,Male,29/07/1986,true,diners-club-carte-blanche
698,Ronnie,Female,17/09/1973,false,jcb
699,Jard,Male,11/01/1951,false,americanexpress
700,Jody,Male,04/01/1953,false,jcb
701,Gard,Male,10/04/1977,false,jcb
702,Tris,Male,02/02/1966,false,switch
703,Koressa,Female,12/06/1964,true,visa-electron
704,Oren,Male,05/05/1954,false,jcb
705,Willy,Male,14/11/1973,true,mastercard
706,Travus,Male,28/10/1995,false,mastercard
707,Marten,Male,29/04/1951,true,jcb
708,Lissa,Female,26/04/1993,false,instapayment
709,Marcellina,Female,12/12/1975,true,jcb
710,Emery,Male,08/01/1987,false,jcb
711,Gwendolyn,Female,30/07/2000,false,china-unionpay
712,Bernita,Female,29/11/1998,false,
713,Oberon,Male,19/04/1996,false,jcb
714,Patricio,Male,09/01/1957,false,jcb
715,Corrie,Male,25/01/1976,true,jcb
716,Teressa,Female,17/06/1952,true,
717,Paten,Male,09/10/1996,false,mastercard
718,Haleigh,Male,14/10/1973,true,diners-club-carte-blanche
719,Adelbert,Male,28/04/1977,false,mastercard
720,Romain,Male,11/01/1962,false,maestro
721,Silvester,Male,25/01/1979,false,
722,Bowie,Male,24/08/1993,false,americanexpress
723,Deane,Female,05/02/1967,false,diners-club-enroute
724,Berky,Male,07/10/1999,true,china-unionpay
725,Bertrand,Male,07/01/1973,true,diners-club-carte-blanche
726,Mareah,Female,16/12/1963,true,jcb
727,Joelle,Female,06/03/1954,false,jcb
728,Sayers,Male,29/01/1990,false,visa
729,Harley,Female,09/05/1969,true,visa-electron
730,Klarika,Female,06/09/1976,true,laser
731,Ermentrude,Female,10/05/1959,false,jcb
732,Galven,Male,25/02/1990,true,maestro
733,Josepha,Female,30/12/1963,false,diners-club-international
734,Delia,Female,13/08/1960,true,
735,Jesse,Male,20/03/1975,false,jcb
736,Marion,Male,30/11/1961,true,china-unionpay
737,Chelsae,Female,12/09/1962,true,
738,Dory,Female,01/12/1966,true,
739,Bancroft,Male,06/10/1983,false,jcb
740,Malinda,Female,14/09/1983,false,mastercard
741,Edan,Male,15/11/1970,true,mastercard
742,Marabel,Female,22/05/1955,true,bankcard
743,Maximo,Male,11/03/1985,true,
744,Ugo,Male,18/02/1992,false,jcb
745,Esma,Female,17/04/1971,false,americanexpress
746,Natala,Female,22/03/1980,true,
747,Catha,Female,27/05/1972,false,jcb
748,Costa,Male,29/01/1954,true,switch
749,Patrice,Male,13/08/1989,true,jcb
750,Idette,Female,05/05/1950,true,maestro
751,Haleigh,Male,13/10/1960,true,china-unionpay
752,Velvet,Female,10/05/1963,false,jcb
753,Arliene,Female,18/11/1982,false,jcb
754,Antonin,Male,28/04/1973,true,diners-club-us-ca
755,Lenore,Female,13/02/1980,false,jcb
756,Bennie,Male,07/01/1960,true,visa-electron
757,Rupert,Male,22/01/1968,false,bankcard
758,Shelby,Male,06/07/1959,true,visa-electron
759,Ansel,Male,28/08/1991,false,jcb
760,Mady,Female,20/09/1967,false,jcb
761,Cynthea,Female,20/06/1994,false,instapayment
762,Haily,Male,23/11/1994,false,jcb
763,Brose,Male,14/10/1992,true,jcb
764,Phoebe,Female,05/02/1993,false,jcb
765,Jammal,Male,22/05/1956,true,jcb
766,Arabelle,Female,03/02/1999,true,visa-electron
767,Rafaela,Female,17/10/1986,false,jcb
768,Hulda,Female,25/02/1995,true,jcb
769,Oates,Male,03/10/1980,true,jcb
770,Aileen,Female,08/11/1953,true,
771,Gram,Male,17/05/1959,false,bankcard
772,Tait,Male,15/01/1955,true,jcb
773,Amos,Male,10/04/1998,false,
774,Ray,Male,28/11/1973,true,jcb
775,Siward,Male,18/02/1953,false,visa-electron
776,Rikki,Male,09/05/1976,false,visa
777,Jethro,Male,11/08/1976,true,visa-electron
778,Hali,Female,14/12/1987,false,jcb
779,Siffre,Male,22/04/1981,false,mastercard
780,Luis,Male,03/12/1977,true,mastercard
781,Bernarr,Male,07/01/2000,true,mastercard
782,Cathie,Female,15/09/1978,true,jcb
783,Kat,Female,18/12/1977,true,diners-club-enroute
784,Ibbie,Female,14/08/1977,false,jcb
785,Bary,Male,19/03/1985,true,jcb
786,Drusy,Female,15/04/1998,false,jcb
787,Thurston,Male,06/01/1977,false,
788,Mercedes,Female,16/04/1969,false,jcb
789,Bogart,Male,13/03/1992,true,switch
790,Bartie,Male,11/06/1974,false,
791,Port,Male,30/01/1974,true,mastercard
792,Jacklin,Female,05/11/1961,true,mastercard
793,Dalton,Male,22/09/1991,true,jcb
794,Prent,Male,22/12/1950,false,jcb
795,Maximilianus,Male,12/01/1978,true,
796,Penelopa,Female,30/10/1998,true,jcb
797,Connie,Male,20/08/1978,false,maestro
798,Janelle,Female,04/02/1984,false,diners-club-carte-blanche
799,Hetti,Female,03/03/1973,false,diners-club-enroute
800,Ed,Male,19/10/1990,false,visa
801,Mirabella,Female,01/08/1969,false,americanexpress
802,Liliane,Female,07/12/1971,false,jcb
803,Tybie,Female,27/04/1997,true,jcb
804,Porter,Male,24/05/1981,true,jcb
805,Neel,Male,18/10/1954,true,jcb
806,Phil,Male,06/05/1968,false,bankcard
807,Lorraine,Female,07/11/1982,true,jcb
808,Tomlin,Male,19/07/1985,true,instapayment
809,Kellyann,Female,02/06/1985,false,jcb
810,Amelia,Female,12/06/1961,false,jcb
811,Giulietta,Female,24/05/1988,true,diners-club-carte-blanche
812,Leeann,Female,28/06/1964,false,instapayment
813,Fredek,Male,30/11/1968,false,diners-club-us-ca
814,Hermie,Male,19/02/1996,true,jcb
815,Gregoire,Male,14/05/1996,false,jcb
816,Lorene,Female,21/01/1961,true,americanexpress
817,Anatol,Male,07/08/2000,false,jcb
818,Crystie,Female,22/08/1985,false,jcb
819,Linnell,Female,07/10/1988,false,
820,Dani,Male,28/02/1999,false,jcb
821,Brock,Male,02/06/1995,false,jcb
822,Sherill,Female,04/08/1974,true,jcb
823,Velma,Female,24/04/1960,false,mastercard
824,Ephrem,Male,27/02/1974,true,maestro
825,Felic,Male,01/07/1992,true,jcb
826,Enrique,Male,31/05/1965,true,diners-club-international
827,Ansel,Male,31/07/1956,true,
828,Fallon,Female,28/05/1959,true,bankcard
829,Randa,Female,21/05/2000,true,jcb
830,Berny,Male,17/10/1962,false,jcb
831,Domingo,Male,12/02/1982,false,laser
832,Randie,Female,23/01/1951,false,mastercard
833,Les,Male,08/12/1971,false,jcb
834,Reilly,Male,15/10/1972,false,mastercard
835,Greer,Female,20/08/1955,false,visa-electron
836,Josefina,Female,20/01/1952,false,jcb
837,Flemming,Male,19/12/1998,false,switch
838,Smith,Male,03/08/1994,false,jcb
839,Birk,Male,15/02/1991,false,mastercard
840,Flemming,Male,13/07/1958,false,mastercard
841,Eddie,Female,02/01/1975,true,
842,Dillie,Male,19/04/1961,false,visa-electron
843,Valina,Female,10/10/1992,true,laser
844,Birgit,Female,28/05/1975,false,
845,Jeramey,Male,04/05/1979,false,mastercard
846,Gilligan,Female,30/11/1999,true,jcb
847,Dori,Female,02/11/1968,true,switch
848,Bond,Male,13/10/1995,true,mastercard
849,Prince,Male,04/12/1963,true,jcb
850,Shermy,Male,06/01/1976,false,laser
851,Bron,Male,19/12/1967,true,solo
852,Spence,Male,21/06/1985,false,jcb
853,Wald,Male,13/06/1995,true,mastercard
854,Kathrine,Female,30/03/1977,false,
855,Estelle,Female,15/02/1988,true,
856,Thibaud,Male,03/05/1980,true,jcb
857,Venus,Female,03/07/1961,true,jcb
858,Alleyn,Male,31/08/1996,true,jcb
859,Aubrey,Female,19/05/1959,false,
860,Karrah,Female,31/08/1973,true,jcb
861,Barbe,Female,16/01/1993,true,jcb
862,Britteny,Female,04/12/1951,true,mastercard
863,Eal,Male,26/07/1982,false,jcb
864,Edee,Female,27/10/1981,false,switch
865,Pascale,Male,08/09/1982,true,switch
866,Courtney,Female,12/03/1980,false,switch
867,Meredith,Male,19/05/1974,true,jcb
868,Vincents,Male,26/12/1950,true,visa
869,Violette,Female,12/09/1969,true,jcb
870,Sib,Female,21/03/1991,false,americanexpress
871,Sharyl,Female,21/10/1996,false,china-unionpay
872,Northrop,Male,28/06/1981,false,diners-club-carte-blanche
873,Julienne,Female,02/05/1953,false,jcb
874,Cassandra,Female,05/06/1993,true,jcb
875,Walker,Male,27/07/1958,true,switch
876,Mabel,Female,16/08/1993,false,mastercard
877,Sandy,Male,04/10/1951,false,jcb
878,Tove,Female,20/09/1953,false,switch
879,Ibbie,Female,18/04/1973,true,americanexpress
880,Deeanne,Female,18/07/1956,false,jcb
881,Garwood,Male,01/10/1978,true,jcb
882,Yorke,Male,02/11/1982,false,jcb
883,Vivyan,Female,31/05/1980,true,visa-electron
884,Brnaby,Male,30/09/1951,false,maestro
885,Thurstan,Male,05/12/2000,false,maestro
886,Stearn,Male,19/02/1968,false,jcb
887,Caldwell,Male,20/05/1958,true,jcb
888,Cecilius,Male,14/09/1975,true,
889,Graig,Male,25/11/1983,false,jcb
890,Zsa zsa,Female,28/07/1952,false,jcb
891,Ariana,Female,28/05/1966,false,jcb
892,Con,Male,16/07/1970,true,jcb
893,Keven,Male,21/06/1977,false,
894,Nichol,Female,24/10/1960,false,mastercard
895,Rock,Male,09/09/1972,false,jcb
896,Tabatha,Female,06/05/1963,false,jcb
897,Benito,Male,23/03/1984,false,mastercard
898,Dave,Male,09/04/1981,true,jcb
899,Agosto,Male,13/12/1974,true,jcb
900,Wilden,Male,29/08/1966,false,diners-club-carte-blanche
901,Gabrila,Female,03/12/1990,false,mastercard
902,Eden,Female,02/10/1974,true,jcb
903,Parsifal,Male,02/07/1954,true,jcb
904,Lillis,Female,08/07/1981,false,
905,Matthiew,Male,28/04/1973,false,jcb
906,Aldrich,Male,13/05/1961,true,visa-electron
907,Rik,Male,27/02/1953,false,jcb
908,Isa,Male,25/09/1991,false,visa
909,Haslett,Male,12/01/1972,false,jcb
910,Ashton,Male,13/10/1959,false,jcb
911,Vanessa,Female,17/06/1951,true,maestro
912,Teddie,Female,23/06/1961,true,jcb
913,Lief,Male,11/10/1969,true,
914,Emmie,Female,16/11/1999,true,jcb
915,Chancey,Male,10/02/1999,true,switch
916,Hunt,Male,24/07/1956,false,mastercard
917,Clarisse,Female,02/10/1954,true,
918,Mattie,Male,24/08/1961,false,jcb
919,Nils,Male,28/01/1998,false,
920,Aymer,Male,13/02/1979,true,jcb
921,Richard,Male,11/09/1967,false,jcb
922,Mabel,Female,24/07/1979,false,diners-club-enroute
923,Sari,Female,04/03/1964,false,jcb
924,Sharia,Female,13/09/1968,false,mastercard
925,Billie,Male,24/04/1957,false,diners-club-carte-blanche
926,Teressa,Female,26/06/1981,true,china-unionpay
927,Barnabe,Male,16/02/1950,true,diners-club-carte-blanche
928,Adelbert,Male,04/01/1980,false,jcb
929,Kellia,Female,27/05/1982,false,diners-club-carte-blanche
930,Simon,Male,15/04/1963,false,jcb
931,Christy,Male,09/02/1955,true,diners-club-carte-blanche
932,Rheba,Female,23/09/1965,false,jcb
933,Pascale,Male,18/10/1966,false,instapayment
934,Daveen,Female,22/06/1976,false,diners-club-international
935,Yolanthe,Female,28/08/1996,false,switch
936,Leland,Male,02/04/1977,true,solo
937,Karol,Female,07/05/1991,true,mastercard
938,Alexandros,Male,28/12/1977,false,jcb
939,Panchito,Male,06/10/1983,false,jcb
940,Silvain,Male,11/07/1958,true,visa
941,Patric,Male,22/05/1971,false,bankcard
942,Laurens,Male,02/04/1951,false,diners-club-carte-blanche
943,Elvira,Female,17/02/1969,false,jcb
944,Patricio,Male,29/06/1995,false,diners-club-enroute
945,Elonore,Female,06/01/1966,false,switch
946,Ines,Female,22/11/1957,false,
947,Alexandros,Male,16/04/1981,false,diners-club-us-ca
948,Idalia,Female,20/09/1979,false,visa
949,Brien,Male,07/04/1958,true,diners-club-enroute
950,Allina,Female,03/04/1980,true,jcb
951,Jonas,Male,16/09/1959,true,bankcard
952,Nathan,Male,09/03/1953,true,jcb
953,Creighton,Male,17/12/1959,true,jcb
954,Miles,Male,20/01/1959,false,jcb
955,Crosby,Male,31/08/1966,false,jcb
956,Roselia,Female,13/12/1990,false,mastercard
957,Maddie,Male,22/10/2000,true,
958,Lief,Male,07/04/1997,false,jcb
959,Jodee,Female,08/10/1951,true,jcb
960,Emlyn,Female,03/05/1994,true,diners-club-carte-blanche
961,Sumner,Male,27/08/1973,false,bankcard
962,Bartholemy,Male,29/10/1999,true,mastercard
963,Mozes,Male,27/11/1975,false,bankcard
964,Bettine,Female,28/04/1972,true,mastercard
965,Donnie,Female,07/07/1970,false,jcb
966,Patrizius,Male,31/08/1952,true,jcb
967,Moyra,Female,13/06/1959,true,jcb
968,Richard,Male,25/07/1994,false,jcb
969,Orbadiah,Male,27/08/1961,false,mastercard
970,Cyndy,Female,01/03/1954,true,solo
971,Erek,Male,23/12/1974,false,bankcard
972,Markus,Male,23/03/1992,false,visa
973,Ada,Female,11/01/1976,true,visa-electron
974,Yvon,Male,12/01/2000,false,visa-electron
975,Berthe,Female,31/08/1976,false,jcb
976,Garvey,Male,11/04/1978,true,visa-electron
977,Gillan,Female,04/01/1962,false,china-unionpay
978,Lonnard,Male,01/01/1976,true,visa-electron
979,Vincents,Male,31/03/1976,false,china-unionpay
980,Gene,Female,18/09/1956,true,laser
981,Hedwig,Female,27/05/1966,false,jcb
982,Padget,Male,21/02/1991,true,mastercard
983,Bond,Male,02/10/1957,true,jcb
984,Odell,Male,09/08/1991,false,instapayment
985,Arturo,Male,04/12/1997,false,jcb
986,Kerk,Male,17/05/1966,true,
987,Ricki,Female,13/02/1999,false,visa-electron
988,Claiborn,Male,23/04/1951,false,instapayment
989,Gaye,Female,29/08/2000,true,mastercard
990,Tallie,Female,29/11/1977,true,mastercard
991,Adelice,Female,05/11/1954,true,diners-club-us-ca
992,Hirsch,Male,13/06/1952,false,mastercard
993,Jennette,Female,28/12/1987,false,mastercard
994,Haroun,Male,01/11/1980,false,mastercard
995,Winslow,Male,17/12/1954,false,switch
996,Else,Female,29/05/1956,false,jcb
997,Rab,Male,04/05/1955,false,diners-club-enroute
998,Mercedes,Female,29/10/1960,false,maestro
999,Cristobal,Male,17/09/1962,false,diners-club-international
1000,Torey,Female,26/10/1958,false,jcb
1001,Torey,Female,26/10/1958,false,jcb
